City_ID,City,Country,Lat,Lng,Max Temp,Humidity,Cloudiness,Wind Speed
0,Jamestown,US,42.097,-79.2353,53.24,86,90,0.0
1,Tasiilaq,GL,65.6145,-37.6368,24.96,65,93,4.41
2,Punta Arenas,CL,-53.15,-70.9167,53.71,43,0,14.97
3,Hobart,AU,-42.8794,147.3294,59.25,56,75,3.0
4,Noumea,NC,-22.2763,166.4572,80.58,99,3,6.35
5,Port Lincoln,AU,-34.7333,135.8667,60.01,61,0,12.17
6,Busselton,AU,-33.65,115.3333,53.58,83,95,4.29
7,Hermanus,ZA,-34.4187,19.2345,61.9,89,48,8.39
8,Osypenko,UA,46.9136,36.8253,45.84,79,0,12.24
9,Avarua,CK,-21.2078,-159.775,77.05,57,98,13.8
10,Toktogul,KG,41.8708,72.9402,44.47,49,100,2.86
11,San Patricio,US,28.017,-97.5169,86.41,23,0,5.32
12,Aguimes,ES,27.9054,-15.4461,65.03,72,20,10.36
13,Ushuaia,AR,-54.8,-68.3,51.46,46,0,18.41
14,Cabedelo,BR,-6.9811,-34.8339,79.47,71,17,16.17
15,Krasnoselkup,RU,65.7,82.4667,14.67,95,100,11.81
16,Rikitea,PF,-23.1203,-134.9692,75.13,85,84,21.0
17,Sioux Lookout,CA,50.1001,-91.917,41.07,87,90,17.27
18,Cape Town,ZA,-33.9258,18.4232,62.11,79,0,6.91
19,Dikson,RU,73.5069,80.5464,7.0,91,100,16.06
20,Nikolskoye,RU,59.7035,30.7861,47.01,93,93,7.2
21,Matamoros,MX,25.5333,-103.25,84.31,17,1,5.75
22,Husavik,IS,66.0449,-17.3389,39.11,89,100,17.94
23,Micheweni,TZ,-4.9667,39.8333,77.29,81,42,6.4
24,Yellowknife,CA,62.456,-114.3525,29.41,86,75,5.01
25,Dir,PK,35.2058,71.8756,48.54,27,0,10.65
26,Lac Du Bonnet,CA,50.2536,-96.0612,40.77,65,40,8.14
27,Mataura,NZ,-46.1927,168.8643,48.25,97,100,14.07
28,Butaritari,KI,3.0707,172.7902,82.27,73,20,5.77
29,College Place,US,46.0493,-118.3883,57.42,75,75,3.44
30,Saint George,US,37.1041,-113.5841,79.63,31,1,1.99
31,Macroom,IE,51.9,-8.95,52.14,97,99,23.2
32,Lasa,IT,46.6166,10.7002,48.94,89,100,2.8
33,Yar-Sale,RU,66.8333,70.8333,7.77,90,95,16.44
34,East London,ZA,-33.0153,27.9116,64.08,83,79,6.29
35,Bredasdorp,ZA,-34.5322,20.0403,58.28,88,55,2.3
36,Cayenne,GF,4.9333,-52.3333,83.08,79,75,4.0
37,Atuona,PF,-9.8,-139.0333,77.92,67,5,11.95
38,Haapiti,PF,-17.5667,-149.8667,83.93,72,5,17.74
39,Kapaa,US,22.0752,-159.319,81.48,85,40,1.99
40,Thompson,CA,55.7435,-97.8558,35.76,87,90,9.22
41,Zhigansk,RU,66.7697,123.3711,2.07,92,100,21.72
42,San Quintin,MX,30.4833,-115.95,67.59,72,0,11.99
43,Te Anau,NZ,-45.4167,167.7167,49.35,90,100,2.71
44,Rawson,AR,-43.3002,-65.1023,48.92,63,87,22.17
45,Vila Velha,BR,-20.3297,-40.2925,71.55,94,75,4.61
46,Tsaratanana,MG,-16.7833,47.65,71.92,77,4,1.72
47,Saint-Paul,RE,-21.0096,55.2707,69.91,93,21,1.01
48,Moyale,KE,3.5167,39.0584,67.95,66,91,5.37
49,North Bend,US,43.4065,-124.2243,61.16,97,90,6.91
50,Victoria,HK,22.2855,114.1577,75.33,84,90,3.0
51,San Cristobal,VE,7.7669,-72.225,68.18,97,100,1.86
52,Bethel,US,41.3712,-73.414,58.1,92,75,1.99
53,Sillanwali,PK,31.8261,72.5398,67.93,30,0,3.02
54,Mount Gambier,AU,-37.8333,140.7667,51.71,82,40,11.5
55,Beaverlodge,CA,55.2166,-119.4361,40.35,44,14,3.4
56,Vaini,TO,-21.2,-175.2,78.96,83,20,11.5
57,Nikel,RU,69.4128,30.222,19.58,91,100,2.04
58,Arlit,NE,18.7369,7.3853,81.64,20,28,10.29
59,Castro,BR,-24.7911,-50.0119,60.85,96,89,8.34
60,Muros,ES,42.7762,-9.0603,65.23,89,100,15.7
61,Tuktoyaktuk,CA,69.4541,-133.0374,17.6,93,90,9.22
62,Khatanga,RU,71.9667,102.5,-1.91,99,83,0.81
63,Necochea,AR,-38.5473,-58.7368,55.04,80,100,15.41
64,Bushenyi,UG,-0.5853,30.2114,59.9,96,100,2.26
65,Petropavlovskaya,RU,45.0819,40.4512,45.07,79,0,11.52
66,Constitucion,CL,-35.3333,-72.4167,57.4,79,100,12.62
67,New Norfolk,AU,-42.7826,147.0587,58.91,42,91,8.25
68,Albany,US,42.6001,-73.9662,57.61,92,95,2.44
69,Los Llanos De Aridane,ES,28.6585,-17.9182,64.15,62,0,4.0
70,Port Alfred,ZA,-33.5906,26.891,65.75,81,85,4.52
71,Tiksi,RU,71.6872,128.8694,2.59,93,97,9.31
72,Sarh,TD,9.1429,18.3923,78.71,94,0,0.0
73,Ixtapa,MX,20.7,-105.2,84.22,83,37,5.01
74,Georgetown,MY,5.4112,100.3354,78.73,93,40,1.99
75,Faya,SA,18.3851,42.4509,59.11,51,0,5.53
76,Bjornevatn,NO,69.6672,29.9847,19.74,93,100,1.14
77,Fortuna,US,40.5982,-124.1573,66.47,66,1,3.0
78,Luderitz,NA,-26.6481,15.1594,58.48,93,9,3.0
79,Severo-Kurilsk,RU,50.6789,156.125,41.56,79,86,13.62
80,Alice Springs,AU,-23.7,133.8833,62.15,63,90,0.0
81,Yeppoon,AU,-23.1333,150.7333,80.38,62,23,5.77
82,Houma,US,29.5958,-90.7195,68.0,61,1,5.75
83,Shubarshi,KZ,48.5872,57.1869,40.05,79,66,8.41
84,Barrow,US,71.2906,-156.7887,15.82,86,90,4.61
85,Marawi,PH,7.9986,124.2928,66.65,93,53,1.23
86,Tura,IN,25.5198,90.2201,62.55,64,0,2.62
87,Bosaso,SO,11.2842,49.1816,80.51,71,6,4.05
88,Sorong,ID,-0.8833,131.25,79.65,84,48,4.61
89,Sorland,NO,67.667,12.6934,48.92,89,100,22.17
90,Gilgit,PK,35.9221,74.3087,48.11,47,0,5.28
91,Cordoba,AR,-31.4135,-64.1811,85.05,30,75,8.05
92,Chirilagua,SV,13.2203,-88.1386,91.15,89,70,2.55
93,Poum,NC,-20.2333,164.0167,76.08,69,14,4.79
94,Sitka,US,57.0531,-135.33,48.09,61,90,10.36
95,Opuwo,NA,-18.0607,13.84,70.12,22,14,6.6
96,Kaitangata,NZ,-46.2817,169.8464,50.41,92,99,18.39
97,Jimenez,MX,28.3333,-105.4,82.65,14,0,8.39
98,Ancud,CL,-41.8697,-73.8203,62.13,61,0,4.34
99,Sinnamary,GF,5.3833,-52.95,79.18,83,14,6.49
100,Hithadhoo,MV,-0.6,73.0833,82.65,76,100,20.4
101,Saint-Philippe,RE,-21.3585,55.7679,69.39,81,74,2.33
102,Saint-Gilles,FR,43.6766,4.4302,64.35,88,90,12.66
103,Airai,TL,-8.9266,125.4092,67.69,75,27,1.21
104,Bathsheba,BB,13.2167,-59.5167,81.21,74,20,13.8
105,Provideniya,RU,64.3833,-173.3,15.21,73,90,9.78
106,Bengkulu,ID,-3.8004,102.2655,76.01,90,100,5.53
107,Kutum,SD,14.2,24.6667,73.71,19,25,9.73
108,Bonavista,CA,48.6499,-53.1147,41.0,66,1,1.41
109,Puerto Madryn,AR,-42.7692,-65.0385,49.53,63,33,24.16
110,Vostok,RU,46.4856,135.8833,36.81,77,100,0.25
111,Colimes,EC,-1.55,-80.0167,82.58,51,54,3.83
112,Baglung,NP,28.2719,83.5898,59.18,92,76,0.89
113,Ishinomaki,JP,38.4167,141.3,46.4,75,100,3.76
114,Consuegra,ES,39.4625,-3.608,63.75,90,100,24.18
115,Killybegs,IE,54.6333,-8.45,46.45,81,96,17.52
116,Ilulissat,GL,69.2167,-51.1,37.42,60,20,17.27
117,Eyl,SO,7.9803,49.8164,77.41,79,85,10.27
118,Alofi,NU,-19.0595,-169.9187,78.69,69,100,12.66
119,Jiaojiang,CN,28.6803,121.4428,55.99,83,0,5.03
120,Kendari,ID,-3.945,122.4989,77.0,90,50,2.73
121,Bambous Virieux,MU,-20.3428,57.7575,70.21,94,20,3.44
122,Lata,PT,40.1629,-8.3327,67.93,98,100,6.24
123,Uray,RU,60.1247,64.7758,16.57,97,77,4.65
124,Kensington,AU,-33.9167,151.2167,68.0,51,0,4.61
125,Tezu,IN,27.9167,96.1667,64.99,52,45,3.67
126,Taltal,CL,-25.4,-70.4833,64.24,66,22,3.04
127,Lorengau,PG,-2.0226,147.2712,83.19,79,93,7.85
128,Yulara,AU,-25.2406,130.9889,58.84,88,100,8.05
129,Sulangan,PH,11.1373,123.7228,82.78,75,67,22.1
130,Kashirskoye,RU,51.4194,39.6125,39.42,84,2,5.41
131,Torbay,CA,47.6666,-52.7314,40.75,81,1,4.61
132,Srednekolymsk,RU,67.45,153.6833,-4.4,96,100,6.13
133,Buraydah,SA,26.326,43.975,73.85,37,0,10.07
134,Bijar,IR,35.8668,47.6051,52.65,56,99,8.75
135,Guerrero Negro,MX,27.9769,-114.0611,73.04,57,0,13.35
136,Gat,IL,31.61,34.7642,72.39,64,71,1.72
137,Mago,RU,53.2514,140.1822,26.49,68,37,5.93
138,Nambucca Heads,AU,-30.65,153.0,64.4,77,99,9.86
139,Hokitika,NZ,-42.7167,170.9667,54.9,79,46,15.68
140,Tigil,RU,57.8,158.6667,28.92,97,100,3.11
141,Kunming,CN,25.0389,102.7183,55.33,94,75,11.18
142,Egvekinot,RU,66.3167,-179.1667,2.89,91,100,9.93
143,Cidreira,BR,-30.1811,-50.2056,67.91,88,31,22.5
144,Labuhan,ID,-6.8844,112.2051,80.37,81,92,4.43
145,Palaiokomi,GR,40.8667,23.9,54.68,73,0,2.15
146,Shimoda,JP,34.6667,138.95,62.71,80,100,9.31
147,Upernavik,GL,72.7868,-56.1549,28.13,62,100,11.95
148,Narsaq,GL,60.9167,-46.05,28.62,71,95,4.32
149,Fairbanks,US,64.8378,-147.7164,43.14,63,1,11.5
150,Mar Del Plata,AR,-38.0023,-57.5575,59.09,83,75,3.0
151,Touros,BR,-5.1989,-35.4608,79.7,78,53,15.55
152,Broome,US,42.2506,-75.833,55.65,83,90,1.01
153,Ponta Do Sol,PT,32.6667,-17.1,71.71,73,40,6.51
154,Bluff,NZ,-46.6,168.3333,50.59,89,96,29.42
155,Pisco,PE,-13.7,-76.2167,66.25,77,20,6.91
156,Virginia Beach,US,36.8529,-75.978,64.45,69,75,5.75
157,Akyab,MM,20.15,92.9,77.13,84,59,4.03
158,Puerto Ayora,EC,-0.7393,-90.3518,78.76,84,95,8.59
159,Yangjiang,CN,21.85,111.9667,69.13,84,97,6.8
160,Mao,ES,39.8885,4.2658,70.36,88,75,5.75
161,Faanui,PF,-16.4833,-151.75,78.13,69,15,15.43
162,Sambava,MG,-14.2667,50.1667,74.23,86,87,7.76
163,Ossora,RU,59.2353,163.0719,20.07,90,97,6.15
164,Okhotsk,RU,59.3833,143.3,11.17,70,14,23.69
165,Evensk,RU,61.95,159.2333,11.05,74,94,11.03
166,Coihaique,CL,-45.5752,-72.0662,58.95,23,0,12.66
167,Mamaku,NZ,-38.1,176.0833,63.39,99,100,7.4
168,Iqaluit,CA,63.7506,-68.5145,37.13,69,75,11.99
169,Port Macquarie,AU,-31.4333,152.9167,64.36,88,75,3.44
170,Leshukonskoye,RU,64.8989,45.7622,32.72,100,100,4.36
171,Richards Bay,ZA,-28.783,32.0377,61.97,84,48,6.8
172,Maumere,ID,-8.6199,122.2111,81.73,76,100,2.35
173,Chumikan,RU,54.7183,135.315,17.87,81,9,10.78
174,Beloha,MG,-25.1667,45.05,67.01,86,60,11.25
175,Qaanaaq,GL,77.484,-69.3632,2.21,54,0,7.85
176,Ponta Delgada,PT,37.7333,-25.6667,74.5,94,75,12.66
177,Chuy,UY,-33.6971,-53.4616,65.32,88,54,12.35
178,Chokurdakh,RU,70.6333,147.9167,1.96,97,99,6.58
179,Muncie,US,40.1934,-85.3864,53.74,92,100,4.0
180,Singleton,AU,-32.5667,151.1833,66.49,58,80,5.95
181,Cherskiy,RU,68.75,161.3,-0.2,98,100,5.86
182,Samarai,PG,-10.6167,150.6667,83.28,78,99,13.8
183,Esperance,AU,-33.8667,121.9,55.24,56,11,13.94
184,Nha Trang,VN,12.25,109.1833,75.2,89,97,5.21
185,Viedma,AR,-40.8135,-62.9967,50.43,70,89,21.94
186,Paita,PE,-5.0892,-81.1144,66.76,81,15,14.45
187,Sao Filipe,CV,14.8961,-24.4956,79.99,75,84,13.11
188,Hasaki,JP,35.7333,140.8333,54.0,66,85,8.75
189,Boyolangu,ID,-8.1181,111.8935,77.67,87,100,1.34
190,Ushtobe,KZ,45.2514,77.9838,47.93,70,100,5.08
191,Longyearbyen,SJ,78.2186,15.6401,24.64,68,40,3.44
192,Benguela,AO,-12.5763,13.4055,75.02,76,100,7.72
193,Misratah,LY,32.3754,15.0925,72.0,63,100,13.51
194,Berndorf,AT,47.9457,16.1097,47.55,72,5,2.95
195,Jumla,NP,29.2747,82.1838,42.03,76,2,4.32
196,Oistins,BB,13.0667,-59.5333,80.69,74,20,13.8
197,Takoradi,GH,4.8845,-1.7554,78.24,87,92,8.75
198,Bandarbeyla,SO,9.4942,50.8122,78.66,77,60,10.96
199,Port Keats,AU,-14.25,129.55,87.1,59,81,2.33
200,Belaya Gora,RU,68.5333,146.4167,0.68,98,100,3.67
201,Rochegda,RU,62.8,43.25,41.32,94,100,6.46
202,Cabo San Lucas,MX,22.8909,-109.9124,88.52,71,20,11.99
203,Abu Samrah,SY,35.3029,37.1841,65.64,50,51,5.35
204,Port Hardy,CA,50.6996,-127.4199,46.58,71,20,3.44
205,Bilma,NE,18.6853,12.9164,80.78,26,44,17.76
206,Naryan-Mar,RU,67.6713,53.087,17.42,92,100,13.49
207,Zhanaozen,KZ,43.3,52.8,45.64,67,0,4.81
208,Znin,PL,52.8496,17.7199,51.33,57,10,13.65
209,Talnakh,RU,69.4865,88.3972,12.16,96,100,4.81
210,Coffs Harbour,AU,-30.3,153.1333,64.67,72,75,13.8
211,Marsa Matruh,EG,31.3525,27.2453,68.2,83,0,0.0
212,Zhezkazgan,KZ,47.8043,67.7144,43.68,66,100,16.24
213,Kodiak,US,57.79,-152.4072,47.71,81,90,33.38
214,Isangel,VU,-19.55,169.2667,82.51,61,1,3.44
215,Batagay,RU,67.6333,134.6333,-8.79,99,70,3.6
216,Hilo,US,19.7297,-155.09,82.13,72,40,8.05
217,Auki,SB,-8.7676,160.7034,85.5,65,97,2.68
218,Carutapera,BR,-1.195,-46.02,77.7,85,36,5.53
219,Ladario,BR,-19.0047,-57.6017,77.29,83,20,2.3
220,Mahebourg,MU,-20.4081,57.7,70.25,94,20,3.44
221,Kashima,JP,33.1061,130.0906,59.81,83,2,3.98
222,Hamadan,IR,34.7992,48.5146,53.67,64,100,6.8
223,Yerbogachen,RU,61.2767,108.0108,30.27,86,98,15.21
224,Mugur-Aksy,RU,50.35,90.5,14.54,89,99,5.86
225,Bollnas,SE,61.3482,16.3946,43.39,93,100,2.73
226,Geraldton,AU,-28.7667,114.6,55.81,82,0,6.91
227,Asyut,EG,27.181,31.1837,78.98,33,100,16.04
228,Olafsvik,IS,64.8945,-23.7142,42.37,83,73,22.12
229,Yarada,IN,17.65,83.2667,79.12,94,20,2.3
230,Arraial Do Cabo,BR,-22.9661,-42.0278,69.76,100,75,8.05
231,Aksarka,RU,66.5606,67.7975,-3.71,92,17,5.26
232,Saint-Michel-Des-Saints,CA,46.6834,-73.9159,42.94,97,99,9.46
233,Makakilo City,US,21.3469,-158.0858,82.69,59,90,5.75
234,Port-Gentil,GA,-0.7193,8.7815,73.36,94,90,6.91
235,Kushiro,JP,42.975,144.3747,45.55,87,75,4.61
236,Camargo,MX,27.6667,-105.1667,82.96,13,0,4.18
237,Leningradskiy,RU,69.3833,178.4167,-0.92,96,99,6.33
238,Cap-Aux-Meules,CA,47.3821,-61.8597,50.05,87,20,10.36
239,Boa Vista,BR,2.8197,-60.6733,91.38,46,40,5.75
240,Salalah,OM,17.0151,54.0924,78.89,61,0,3.44
241,Port Hawkesbury,CA,45.6169,-61.3485,49.59,88,90,4.0
242,Turukhansk,RU,65.8167,87.9833,13.84,96,99,8.03
243,Ola,RU,59.5833,151.2833,20.95,61,100,16.11
244,Gushikawa,JP,26.3544,127.8686,72.63,86,20,3.44
245,Papara,BR,-3.9839,-38.7273,79.2,85,50,3.06
246,Orel-Izumrud,RU,43.4583,39.9244,56.55,76,0,11.18
247,Meulaboh,ID,4.1363,96.1285,75.31,87,92,4.61
248,Honiara,SB,-9.4333,159.95,87.39,65,67,7.2
249,Talaja,IN,21.35,72.05,75.45,53,67,9.19
250,Pandan,PH,14.0453,124.1694,79.97,76,100,12.44
251,Petropavlovsk-Kamchatskiy,RU,53.0452,158.6483,30.79,80,75,4.47
252,Mantua,IT,45.1667,10.7833,56.7,89,100,1.99
253,Fort Nelson,CA,58.8053,-122.7002,40.59,45,20,8.05
254,Broken Hill,AU,-31.95,141.4333,58.71,29,97,10.36
255,Kayerkan,RU,69.3497,87.7602,10.18,96,100,1.52
256,Wabag,PG,-5.4781,143.7021,66.09,70,70,2.53
257,Kajaani,FI,64.2273,27.7285,44.65,87,90,10.36
258,Dunedin,NZ,-45.8742,170.5036,59.81,90,62,11.01
259,Skibbereen,IE,51.55,-9.2667,51.6,95,100,24.11
260,Lebu,CL,-37.6167,-73.65,53.06,82,100,13.6
261,Acarau,BR,-2.8856,-40.12,80.2,76,41,11.43
262,Juegang,CN,32.3174,121.1855,59.92,84,20,0.49
263,Sibu,MY,2.3,111.8167,77.31,94,40,9.22
264,Sharkan,RU,57.2989,53.8712,43.16,99,100,6.15
265,Batticaloa,LK,7.7102,81.6924,77.85,89,94,9.26
266,Tiznit,MA,29.5833,-9.5,64.72,52,0,0.96
267,Grand Gaube,MU,-20.0064,57.6608,70.38,85,4,6.96
268,Balkhash,KZ,46.844,74.9804,39.09,48,60,9.06
269,Klaksvik,FO,62.2266,-6.589,47.32,92,100,13.82
270,Freeport,US,40.6576,-73.5832,61.29,80,20,1.99
271,Tabou,CI,4.423,-7.3528,77.27,88,100,5.32
272,Sungaipenuh,ID,-2.0833,101.3833,66.0,96,100,1.14
273,Ribeira Grande,PT,38.5167,-28.7,71.04,89,100,16.62
274,Kahului,US,20.8947,-156.47,85.26,61,1,10.36
275,Camopi,GF,3.1655,-52.3158,74.75,94,79,4.45
276,Saskylakh,RU,71.9167,114.0833,12.45,92,100,12.35
277,Aksu,CN,41.1231,80.2644,43.09,56,4,2.19
278,Storsteinnes,NO,69.2408,19.2344,36.37,94,100,3.76
279,Haldia,IN,22.0605,88.1097,72.27,76,96,6.08
280,Deputatskiy,RU,69.3,139.9,-7.78,98,98,5.08
281,Glendive,US,47.1053,-104.7125,41.7,49,90,19.57
282,Maldonado,UY,-34.6667,-54.9167,74.59,90,38,8.03
283,Fenoarivo,MG,-18.933,47.4354,60.87,94,20,3.44
284,Shaoguan,CN,24.8,113.5833,63.48,87,85,1.66
285,Tessalit,ML,20.1986,1.0114,83.3,14,83,7.25
286,Vetluga,RU,57.8557,45.781,44.26,93,100,5.21
287,Kolondieba,ML,11.0882,-6.8926,74.07,80,60,2.39
288,Rio Grande,BR,-32.035,-52.0986,71.94,85,46,18.61
289,Kijang,KR,35.2442,129.2139,47.93,57,0,4.79
290,Raudeberg,NO,61.9875,5.1352,54.27,72,100,1.99
291,Saldanha,ZA,-33.0117,17.9442,59.05,84,27,8.88
292,Doctor Juan Manuel Frutos,PY,-25.3667,-55.8,68.58,97,100,4.12
293,Conceicao Do Araguaia,BR,-8.2578,-49.2647,83.35,50,65,2.39
294,Araouane,ML,18.9048,-3.5265,84.88,22,81,10.65
295,Gunjur,GM,13.2019,-16.7339,75.27,100,0,0.0
296,Baiyin,CN,36.5583,104.2081,31.08,41,67,0.69
297,Yerofey Pavlovich,RU,53.9667,121.9667,18.99,63,26,1.57
298,Loreto,MX,22.2667,-101.9667,73.65,19,3,2.04
299,Cootamundra,AU,-34.65,148.0333,60.94,46,0,5.39
300,Tanete,ID,-3.9443,119.7848,75.83,95,100,2.15
301,Biloela,AU,-24.4167,150.5,82.17,24,77,15.26
302,Corinto,GR,37.9407,22.9573,61.68,76,68,4.07
303,Shingu,JP,33.7333,135.9833,63.01,77,89,5.5
304,High Level,CA,58.5169,-117.136,41.11,45,1,5.75
305,Ostrovnoy,RU,68.0531,39.5131,34.5,96,100,6.64
306,Santiago Del Estero,AR,-27.7951,-64.2615,91.04,35,16,8.52
307,Ahipara,NZ,-35.1667,173.1667,62.62,78,100,7.58
308,Carnarvon,AU,-24.8667,113.6333,66.27,68,0,13.8
309,Souillac,MU,-20.5167,57.5167,70.36,94,20,3.44
310,Chapais,CA,49.7834,-74.8492,47.98,69,96,6.91
311,Khasan,RU,42.4308,130.6434,49.26,69,37,5.26
312,Rongcheng,CN,30.634,117.8517,56.37,76,76,3.6
313,Zaraza,VE,9.3503,-65.3245,75.22,92,100,4.27
314,Palaikastron,GR,35.2,26.25,62.74,70,94,4.36
315,Birao,CF,10.2849,22.7882,76.26,30,99,2.01
316,Codrington,AU,-38.2667,141.9667,55.06,73,2,7.11
317,Omsukchan,RU,62.5333,155.8,0.79,95,100,5.41
318,Nabire,ID,-3.3667,135.4833,80.15,82,78,2.53
319,Kamenka,RU,51.3223,42.7678,40.35,78,6,6.55
320,Komsomolskiy,UZ,40.4272,71.7189,44.02,65,100,6.91
321,Rusape,ZW,-18.5278,32.1284,66.51,49,89,3.96
322,Svetlogorsk,BY,52.6333,29.7333,42.35,82,25,9.53
323,Port Elizabeth,ZA,-33.918,25.5701,61.09,94,90,3.44
324,Dingle,PH,10.9995,122.6711,77.36,88,95,7.96
325,Bolobo,CD,-2.1667,16.2333,72.0,94,87,2.37
326,Nong Kung Si,TH,16.65,103.3,75.81,99,40,5.32
327,Urumqi,CN,43.801,87.6005,41.95,65,0,6.71
328,Ust-Tsilma,RU,65.441,52.1498,22.82,96,100,5.61
329,Henties Bay,NA,-22.116,14.2845,56.86,91,0,4.76
330,Ambilobe,MG,-13.2,49.05,74.43,83,85,1.99
331,Buala,SB,-8.145,159.5921,84.49,72,91,10.0
332,Ilo,PE,-17.6394,-71.3375,63.61,84,12,4.07
333,Kirakira,SB,-10.4544,161.9205,86.27,66,58,12.24
334,Key West,US,24.5557,-81.7826,80.6,58,75,14.97
335,Harper,LR,4.375,-7.7169,77.41,87,96,5.37
336,Kasangulu,CD,-4.5911,15.1708,76.08,93,74,2.95
337,Panguna,PG,-6.3164,155.4848,75.31,82,91,2.82
338,Brae,GB,60.3964,-1.353,48.11,91,100,13.24
339,Avera,US,33.194,-82.5271,60.71,77,100,11.65
340,Puerto Madero,MX,14.7208,-92.4215,81.97,75,100,6.4
341,Pacific Grove,US,36.6177,-121.9166,71.76,86,90,3.0
342,Ayutthaya,TH,14.2833,100.5,81.01,96,100,5.55
343,Mountain Home,US,43.133,-115.6912,56.93,94,1,5.75
344,Goderich,CA,43.7501,-81.7165,50.92,81,100,3.44
345,Mahanoro,MG,-19.9,48.8,70.14,89,78,4.56
346,Joshimath,IN,30.5667,79.5667,49.41,26,0,6.26
347,Develi,TR,38.3906,35.4922,33.15,84,92,4.09
348,Margherita,IN,27.2833,95.6833,68.14,80,90,2.08
349,Hervey Bay,AU,-25.2986,152.8535,78.91,74,97,16.93
350,Bubaque,GW,11.2833,-15.8333,79.21,79,100,5.48
351,Tromso,NO,69.6496,18.957,36.37,86,0,0.0
352,Gurmatkal,IN,16.8667,77.4,69.73,85,8,6.42
353,Luganville,VU,-15.5333,167.1667,83.73,64,14,8.66
354,Tupiza,BO,-21.45,-65.7167,61.38,56,23,10.16
355,Fereydunshahr,IR,32.941,50.121,43.56,58,78,1.88
356,Shikhazany,RU,55.5605,47.393,41.63,94,100,10.2
357,Asgabat,TM,37.95,58.3833,53.46,62,75,6.91
358,Padang,ID,-0.9492,100.3543,75.25,90,100,2.64
359,Chernyshevskiy,RU,63.0128,112.4714,30.34,96,100,10.63
360,Bar Harbor,US,44.3876,-68.2039,54.99,82,90,11.01
361,Nouadhibou,MR,20.931,-17.0347,67.98,83,10,10.36
362,Bull Savanna,JM,17.8868,-77.5902,76.93,84,94,6.2
363,Acapulco,MX,16.8634,-99.8901,82.72,78,36,8.88
364,Nanortalik,GL,60.1432,-45.2371,34.68,71,68,0.92
365,Mana,GF,5.6592,-53.7767,78.6,83,15,5.97
366,Pochutla,MX,15.7432,-96.4661,81.14,76,50,3.96
367,Sechura,PE,-5.5569,-80.8222,70.18,65,15,16.31
368,Kaeo,NZ,-35.1,173.7833,65.32,82,100,7.05
369,Mairana,BO,-18.1167,-63.9333,64.13,76,94,0.47
370,Catuday,PH,16.2923,119.8062,78.3,77,7,10.56
371,Diu,IN,20.7141,70.9822,74.46,48,99,10.85
372,Kango,GA,0.1943,10.0951,74.07,98,100,3.11
373,Chara,RU,56.9064,118.2631,18.43,63,95,0.63
374,Parkes,AU,-33.1333,148.1833,61.88,25,0,4.99
375,Wajima,JP,37.4,136.9,62.06,63,100,2.04
376,Vanimo,PG,-2.6741,141.3028,81.91,80,97,4.52
377,Gouyave,GD,12.1646,-61.7296,79.57,78,20,10.36
378,George Town,MY,5.4112,100.3354,78.73,92,40,5.99
379,Do Gonbadan,IR,30.3586,50.7981,62.69,67,0,0.0
380,Sampit,ID,-2.5333,112.95,74.37,91,89,2.04
381,Alpena,US,45.0617,-83.4327,52.18,81,90,1.99
382,Kljuc,BA,44.535,16.7722,33.75,74,0,4.16
383,South River,US,40.4465,-74.386,62.01,88,96,5.39
384,Dudinka,RU,69.4058,86.1778,9.41,96,100,4.76
385,Yalutorovsk,RU,56.6536,66.3006,29.39,86,94,13.51
386,Aklavik,CA,68.2191,-135.0107,20.12,93,40,4.61
387,Sira,IN,13.7453,76.9092,69.51,94,81,6.4
388,Chifeng,CN,42.2683,118.9636,35.58,88,100,7.27
389,Qaqortoq,GL,60.7167,-46.0333,29.86,74,86,4.07
390,Pevek,RU,69.7008,170.3133,-2.78,96,100,10.63
391,Arman,RU,59.7,150.1667,20.91,50,100,13.2
392,Nome,US,64.5011,-165.4064,11.16,85,93,6.4
393,Clyde River,CA,70.4692,-68.5914,28.63,100,90,26.46
394,Graham,US,47.0529,-122.2943,55.99,60,1,1.01
395,Vao,NC,-22.6667,167.4833,71.22,73,3,4.83
396,La Ronge,CA,55.1001,-105.2842,37.65,60,90,11.5
397,Xai-Xai,MZ,-25.0519,33.6442,66.99,92,74,1.41
398,Hambantota,LK,6.1241,81.1185,73.74,100,40,1.14
399,Zaraysk,RU,54.7653,38.8836,43.79,87,29,10.29
400,Maceio,BR,-9.6658,-35.7353,78.24,83,0,6.91
401,Price,US,39.5994,-110.8107,66.72,38,98,3.4
402,Jalu,LY,29.0331,21.5482,66.09,51,0,1.59
403,Lavrentiya,RU,65.5833,-171.0,13.84,80,28,6.53
404,Uthal,PK,25.8072,66.6219,76.41,48,6,2.42
405,Sobolevo,RU,54.4299,31.8996,41.25,85,29,9.33
406,Sibolga,ID,1.7427,98.7792,76.12,88,99,2.51
407,Sherbakul,RU,54.6316,72.3963,31.68,98,100,13.67
408,Ondjiva,AO,-17.0667,15.7333,80.87,19,81,10.04
409,Sterling,US,39.0062,-77.4286,61.16,85,1,7.0
410,Launceston,AU,-41.45,147.1667,59.61,68,40,7.0
411,Paamiut,GL,61.994,-49.6678,31.53,79,86,13.04
412,Glenluce,GB,54.8798,-4.8084,42.3,82,60,10.16
413,Neiafu,TO,-18.65,-173.9833,81.28,74,40,11.5
414,Ngunguru,NZ,-35.6167,174.5,65.16,65,100,5.91
415,Valdivia,CL,-39.8142,-73.2459,73.49,54,55,4.25
416,Margate,GB,51.3813,1.3862,51.04,83,83,1.01
417,Cockburn Town,TC,21.4612,-71.1419,82.36,69,40,9.22
418,Ewo,CG,-0.8725,14.8206,75.04,81,62,2.98
419,Olinda,BR,-8.0089,-34.8553,80.33,65,40,11.5
420,Tekkali,IN,18.6167,84.2333,75.0,86,43,4.38
421,Menongue,AO,-14.6585,17.691,66.58,77,81,3.2
422,Kavieng,PG,-2.5744,150.7967,83.95,75,70,13.47
423,Kipini,KE,-2.5257,40.5262,79.09,83,16,9.69
424,Istanbul,TR,41.0351,28.9833,59.07,82,40,10.36
425,Tobermory,CA,45.2501,-81.6665,49.3,83,100,9.6
426,Manokwari,ID,-0.8667,134.0833,81.88,68,76,1.48
427,Basar,IN,27.9833,94.6667,55.45,77,5,2.21
428,Praia,CV,14.9215,-23.5087,77.54,88,75,16.11
429,Hofn,IS,64.2539,-15.2082,43.59,71,100,13.58
430,Cam Ranh,VN,11.9214,109.1591,75.16,100,75,1.14
431,Villa Union,MX,23.2,-106.2333,85.01,75,3,7.54
432,Jinja,UG,0.439,33.2032,63.86,89,78,2.3
433,Kungurtug,RU,50.5994,97.5228,26.38,71,47,2.82
434,Tautira,PF,-17.7333,-149.15,84.22,75,38,17.29
435,Along,IN,28.1667,94.7667,57.29,78,4,1.34
436,Plymouth,US,41.8334,-70.8328,61.84,94,90,3.0
437,Nouakchott,MR,18.0858,-15.9785,78.73,63,99,12.5
438,Revelstoke,CA,50.9832,-118.2023,44.62,45,1,6.91
439,Aykhal,RU,66.0,111.5,16.03,98,100,6.8
440,Alta Floresta,BR,-9.8756,-56.0861,78.51,67,58,4.97
441,Borovskoy,KZ,53.8,64.15,39.67,90,100,16.26
442,Saint-Pierre,RE,-21.3393,55.4781,69.48,75,0,6.91
443,Singaraja,ID,-8.112,115.0882,76.96,80,100,1.16
444,Sur,OM,22.5667,59.5289,79.72,66,5,11.07
445,Coquimbo,CL,-29.9533,-71.3436,60.53,77,0,10.36
446,Zonguldak,TR,41.25,31.8333,45.14,62,0,4.52
447,Anadyr,RU,64.75,177.4833,1.9,84,90,17.0
448,Rorvik,NO,64.8621,11.2373,48.58,82,58,13.53
449,Toora-Khem,RU,52.4675,96.11,29.39,81,100,1.16
450,Rajanpur,PK,29.1035,70.325,72.95,17,0,4.72
451,San Juan,AR,-31.5375,-68.5364,81.32,34,9,21.77
452,Sete Lagoas,BR,-19.4658,-44.2467,77.88,89,91,7.27
453,Maarianhamina,AX,60.0973,19.9348,46.26,100,90,8.05
454,Tilichiki,RU,60.4667,166.1,4.8,91,13,8.99
455,Monrovia,LR,6.3005,-10.7969,76.77,87,99,5.28
456,Saint Anthony,US,45.0205,-93.218,58.82,60,40,1.01
457,Touba,CI,8.2833,-7.6833,71.2,91,30,3.09
458,Fare,PF,-16.7,-151.0167,78.04,71,2,16.26
459,Juybar,IR,36.6412,52.9124,55.94,82,29,4.14
460,Sakakah,SA,29.9697,40.2064,74.77,32,100,7.81
461,Blessington,IE,53.17,-6.5325,50.61,80,0,8.05
462,Uarini,BR,-2.99,-65.1083,85.95,78,82,1.05
463,Lydenburg,ZA,-25.0978,30.4597,54.27,90,43,3.36
464,Puno,PE,-15.8333,-70.0333,49.44,61,91,6.96
465,Mersing,MY,2.4312,103.8405,75.11,94,77,5.75
466,Tuatapere,NZ,-46.1333,167.6833,47.97,94,100,17.67
467,Arica,CL,-18.475,-70.3042,69.35,72,0,8.05
468,Port Augusta,AU,-32.5,137.7667,63.72,31,99,5.91
469,Mkushi,ZM,-13.6202,29.3939,68.79,44,10,2.82
470,Snyder,US,32.7179,-100.9176,84.54,12,1,6.91
471,Taoudenni,ML,22.6783,-3.9836,84.4,27,1,9.13
472,Tawau,MY,4.2498,117.8871,73.53,94,41,4.41
473,Lowestoft,GB,52.4752,1.7516,48.02,90,45,10.63
474,Sikasso,ML,10.9167,-7.0,74.25,85,59,4.27
475,Bagdarin,RU,54.4333,113.6,19.47,74,33,0.83
476,Port Hedland,AU,-20.3167,118.5667,73.45,83,0,10.36
477,Agadez,NE,19.75,10.25,76.41,27,40,9.89
478,San Policarpo,PH,12.1791,125.5072,82.33,73,80,16.13
479,Podgornoye,RU,51.735,39.1496,39.42,87,0,4.47
480,Kot Kapura,IN,30.5833,74.9,64.8,40,0,3.02
481,Miles City,US,46.4083,-105.8406,40.17,65,90,16.11
482,Coihueco,CL,-36.6167,-71.8333,70.54,53,0,5.75
483,Pangnirtung,CA,66.1451,-65.7125,32.68,99,100,9.13
484,Peace River,CA,56.2501,-117.286,43.11,36,1,16.11
485,Comodoro Rivadavia,AR,-45.8667,-67.5,51.66,58,20,6.91
486,Stephenville,US,32.2207,-98.2023,80.94,21,1,3.44
487,Naze,JP,28.3667,129.4833,65.32,76,1,6.46
488,Cerritos,US,33.8583,-118.0648,86.02,72,20,5.01
489,Beihai,CN,21.4833,109.1,70.47,87,99,10.07
490,Antofagasta,CL,-23.65,-70.4,61.88,70,15,3.85
491,Sibiti,CG,-3.6819,13.3499,69.94,99,97,3.47
492,Kushnarenkovo,RU,55.105,55.3508,43.18,94,97,9.51
493,Oriximina,BR,-1.7656,-55.8661,81.45,69,39,3.58
494,Flinders,AU,-34.5833,150.8552,66.79,61,0,1.01
495,Haines Junction,CA,60.7522,-137.5108,42.75,52,100,8.05
496,Sao Felix Do Xingu,BR,-6.6447,-51.995,80.55,59,94,1.45
497,Guozhen,CN,34.3659,107.359,55.38,86,100,3.51
498,Liwale,TZ,-9.7667,37.9333,68.72,88,9,4.65
499,Hidalgotitlan,MX,17.7833,-94.6333,76.12,81,26,5.88
500,Bhanvad,IN,21.9264,69.7736,74.1,32,12,6.08
501,Zalantun,CN,48.0,122.7167,25.54,44,44,5.59
502,Khorramabad,IR,33.4878,48.3558,60.31,52,98,3.4
503,Belmonte,BR,-15.8631,-38.8828,75.7,83,96,7.18
504,Biltine,TD,14.5333,20.9167,82.22,16,63,6.78
505,Mbaiki,CF,3.8678,17.9892,70.57,97,75,1.59
506,Corn Island,NI,12.1694,-83.0418,83.08,76,99,22.77
507,Kamaishi,JP,39.2667,141.8833,45.55,74,100,5.86
508,Batak,BG,41.95,24.2167,42.53,84,81,1.43
509,King City,US,36.2127,-121.126,73.44,54,100,6.2
510,Vysha,RU,53.8477,42.3777,43.36,95,47,6.69
511,Nizza Monferrato,IT,44.7738,8.3539,55.09,91,100,3.44
512,Bambanglipuro,ID,-7.95,110.2833,78.03,89,88,4.38
513,Alyangula,AU,-13.8483,136.4192,80.47,89,40,3.44
514,Kharan,PK,28.5833,65.4167,65.43,22,0,8.63
515,Canta,TR,41.1181,28.0803,56.52,87,40,10.36
516,Ambon,ID,-3.6954,128.1814,82.54,78,20,2.3
517,Behshahr,IR,36.6923,53.5526,56.03,76,29,2.24
518,San Carlos Del Zulia,VE,9.0,-71.9135,78.49,85,100,5.23
519,Sept-Iles,CA,50.2001,-66.3821,42.06,87,20,1.99
520,Ust-Koksa,RU,50.2696,85.6108,32.95,96,100,3.38
521,Koumac,NC,-20.5667,164.2833,79.29,60,14,4.47
522,Mossendjo,CG,-2.9506,12.7261,70.21,99,100,3.89
523,Banda Aceh,ID,5.5577,95.3222,77.76,85,99,9.01
524,Tyup,KG,42.7276,78.3648,33.93,58,59,2.98
525,Qandala,SO,11.472,49.8728,81.68,65,11,4.68
526,Jambi,ID,-1.6,103.6167,73.87,98,80,0.83
527,Rocha,UY,-34.4833,-54.3333,67.37,85,100,9.37
528,Kenai,US,60.5544,-151.2583,45.14,82,100,22.84
529,Lerwick,GB,60.1545,-1.1494,48.2,88,100,19.95
530,Matucana,PE,-11.85,-76.4,44.19,81,95,4.7
531,Batagay-Alyta,RU,67.8006,130.4114,-14.85,87,27,4.41
532,Juiz De Fora,BR,-21.7642,-43.3503,69.08,96,97,6.89
533,Auchi,NG,7.0667,6.2667,73.69,91,77,3.53
534,Seoul,KR,37.5683,126.9778,51.24,93,20,1.14
535,Hualmay,PE,-11.0964,-77.6139,64.72,79,88,8.14
536,Mindelo,CV,16.8901,-24.9804,78.35,73,40,18.41
537,Podosinovets,RU,60.2776,47.0659,41.76,94,100,6.53
538,Pangody,RU,65.85,74.4859,12.29,93,100,16.11
539,Mareeba,AU,-17.0,145.4333,86.32,75,26,6.38
540,Marrakesh,MA,31.6315,-8.0083,68.07,42,0,4.61
541,Preston,GB,53.7667,-2.7167,48.34,92,45,7.14
542,Troitskoye,RU,52.9821,84.6757,33.58,90,100,8.55
543,Lethem,GY,3.3803,-59.7968,80.73,69,74,5.12
544,Saint-Joseph,RE,-21.3667,55.6167,68.38,80,56,1.81
545,Udachnyy,RU,66.4167,112.4,20.55,93,100,12.1
546,Assiniboia,CA,49.6334,-105.9845,37.31,52,67,17.27
547,Cariamanga,EC,-4.3333,-79.55,56.34,82,87,3.53
548,Kichera,RU,55.9375,110.0997,24.89,74,100,2.15
549,Caravelas,BR,-17.7125,-39.2481,73.24,88,96,7.29
550,Biga,TR,40.2281,27.2422,58.05,73,94,8.25
551,Kieta,PG,-6.2167,155.6333,81.09,79,98,3.53
552,Bonthe,SL,7.5264,-12.505,75.6,90,100,5.3
553,Starychi,UA,49.98,23.5585,42.15,74,3,8.68
554,Arroyo,ES,41.6096,-4.7969,56.14,86,0,6.91
555,Bom Jesus Da Lapa,BR,-13.255,-43.4181,88.0,33,80,9.53
556,Udalguri,IN,26.7667,92.1333,65.5,57,15,3.91
557,Muborak,UZ,39.2553,65.1528,53.71,43,100,9.51
558,Nampula,MZ,-15.1165,39.2666,68.31,88,32,4.94
559,Rantepao,ID,-2.9701,119.8978,70.14,92,99,1.41
560,Quebec,CA,46.8123,-71.2145,46.49,81,90,8.99
561,Moron,AR,-34.6534,-58.6198,82.29,62,1,8.9
562,Claveria,PH,18.6074,121.0832,78.04,78,59,11.01
563,Lahaina,US,20.8783,-156.6825,85.24,64,1,4.05
564,Grindavik,IS,63.8424,-22.4338,37.87,93,0,9.22
565,Vardo,NO,70.3705,31.1107,38.77,73,97,10.4
566,Kidal,ML,18.4411,1.4078,86.77,12,37,9.48
567,Nueva Loja,EC,0.0847,-76.8828,82.42,78,20,5.75
568,Beloeil,CA,45.5668,-73.1992,54.63,96,90,1.99
569,Atbasar,KZ,51.8,68.3333,37.36,96,100,21.99
570,Anuradhapura,LK,8.3565,80.4173,74.64,95,100,2.24
571,Diamantino,BR,-14.4086,-56.4461,82.11,56,46,3.4
